green,teal,gold,yellow,orange,maroon
3d printing,motivation,adoption,case study,innovation,consumer innovation
co-creation,online community,compatibility,innovation policy,collaboration,open innovation
platform,lead user,diffusion,user involvement,community,diffusion of innovation
user innovation,crowdsourcing,open source software,,new product development,renewable energy
product development,co-innovation,user design,,software development,living lab
cocreation,social medium,complementarity,,toolkit,sustainability
creative consumer,user-driven innovation,open source,,user,service
distributed innovation,netnography,innovation ecosystem,,post-adoptive behavior,literature review
knowledge sharing,web 2.0,product architecture,,,
entrepreneurship,user innovation community,user community,,,
evolutionary approach,user idea,,,,
grand challenge,,,,,
lead user theory,,,,,
user entrepreneurship,,,,,
patent,,,,,
second life,,,,,
virtual world,,,,,
